{"cameraMode":{"drawMode":0,"name":"Shaded","section":"Shading Mode"},"sceneLighting":true,"audioPlay":false,"sceneViewState":{"showFog":true,"showMaterialUpdate":false,"showSkybox":true,"showFlares":true,"showImageEffects":true,"showParticleSystems":true},"in2DMode":false,"pivot":{"x":186.47080993652345,"y":342.6000061035156,"z":-226.67230224609376},"rotation":{"x":-0.028457609936594964,"y":-0.7554271221160889,"z":0.03288178890943527,"w":-0.6537880301475525},"size":4.041658401489258,"orthographic":false}