{"cameraMode":{"drawMode":0,"name":"Shaded","section":"Shading Mode"},"sceneLighting":false,"audioPlay":false,"sceneViewState":{"showFog":true,"showMaterialUpdate":false,"showSkybox":true,"showFlares":true,"showImageEffects":true,"showParticleSystems":true},"in2DMode":false,"pivot":{"x":-0.001662509050220251,"y":-0.07530541718006134,"z":-0.059481531381607059},"rotation":{"x":-0.39287522435188296,"y":0.014631458558142186,"z":-0.0062521700747311119,"w":-0.9194540977478027},"size":0.24371162056922913,"orthographic":false}