{"cameraMode":{"drawMode":0,"name":"Shaded","section":"Shading Mode"},"sceneLighting":false,"audioPlay":false,"sceneViewState":{"showFog":true,"showMaterialUpdate":false,"showSkybox":true,"showFlares":true,"showImageEffects":true,"showParticleSystems":true},"in2DMode":false,"pivot":{"x":0.006864011287689209,"y":-0.004799528047442436,"z":-0.7413012981414795},"rotation":{"x":0.01771976239979267,"y":-0.17545661330223084,"z":-0.003158612409606576,"w":-0.9843226671218872},"size":0.27580443024635317,"orthographic":false}